Header,Netset,Model,Image Classification,Various visual tasks,Object Detection,Panoptic Segmentation,Semantic Segmentation,Keypoint Detection,Instance Segmentation,Pose Estimation,Video Classification,Convolutional Neural Network,Swin-Transformer,MLP-Mixer,Vision Transformer,Multimodal,Taskonomy,ImageNet,ImageNet 22K,COCO,Places 365,ADEK20K,LVIS,Cityscapes,PASCAL VOC,Contrastive Language Image Pre-Training,Supervised,Jigsaw,NPID,RotNet,Clusterfit,Deepcluser,SimCLR,SwAV,MoCo
Header Category,Netset,Model,Visual Task,Visual Task,Visual Task,Visual Task,Visual Task,Visual Task,Visual Task,Visual Task,Visual Task,Architecture,Architecture,Architecture,Architecture,Architecture,Pre-Training Dataset,Pre-Training Dataset,Pre-Training Dataset,Pre-Training Dataset,Pre-Training Dataset,Pre-Training Dataset,Pre-Training Dataset,Pre-Training Dataset,Pre-Training Dataset,Training Method,Training Method,Training Method,Training Method,Training Method,Training Method,Training Method,Training Method,Training Method,Training Method
Data,standard,AlexNet,x,,,,,,,,,x,,,,,,x,,,,,,,,,x,,,,,,,,
Data,standard,ResNet18,x,,,,,,,,,x,,,,,,x,,,,,,,,,x,,,,,,,,
Data,standard,ResNet34,x,,,,,,,,,x,,,,,,x,,,,,,,,,x,,,,,,,,
Data,standard,ResNet50,x,,,,,,,,,x,,,,,,x,,,,,,,,,x,,,,,,,,
Data,standard,ResNet101,x,,,,,,,,,x,,,,,,x,,,,,,,,,x,,,,,,,,
Data,standard,ResNet152,x,,,,,,,,,x,,,,,,x,,,,,,,,,x,,,,,,,,
Data,standard,Squeezenet1_0,x,,,,,,,,,x,,,,,,x,,,,,,,,,x,,,,,,,,
Data,standard,Squeezenet1_1,x,,,,,,,,,x,,,,,,x,,,,,,,,,x,,,,,,,,
Data,standard,VGG11,x,,,,,,,,,x,,,,,,x,,,,,,,,,x,,,,,,,,
Data,standard,VGG11_bn,x,,,,,,,,,x,,,,,,x,,,,,,,,,x,,,,,,,,
Data,standard,VGG13,x,,,,,,,,,x,,,,,,x,,,,,,,,,x,,,,,,,,
Data,standard,VGG13_bn,x,,,,,,,,,x,,,,,,x,,,,,,,,,x,,,,,,,,
Data,standard,VGG16,x,,,,,,,,,x,,,,,,x,,,,,,,,,x,,,,,,,,
Data,standard,VGG16_bn,x,,,,,,,,,x,,,,,,x,,,,,,,,,x,,,,,,,,
Data,standard,VGG19,x,,,,,,,,,x,,,,,,x,,,,,,,,,x,,,,,,,,
Data,standard,VGG19_bn,x,,,,,,,,,x,,,,,,x,,,,,,,,,x,,,,,,,,
Data,standard,Densenet121,x,,,,,,,,,x,,,,,,x,,,,,,,,,x,,,,,,,,
Data,standard,Densenet161,x,,,,,,,,,x,,,,,,x,,,,,,,,,x,,,,,,,,
Data,standard,Densenet169,x,,,,,,,,,x,,,,,,x,,,,,,,,,x,,,,,,,,
Data,standard,Densenet201,x,,,,,,,,,x,,,,,,x,,,,,,,,,x,,,,,,,,
Data,standard,GoogleNet,x,,,,,,,,,x,,,,,,x,,,,,,,,,x,,,,,,,,
Data,standard,ShuffleNetV2x05,x,,,,,,,,,x,,,,,,x,,,,,,,,,x,,,,,,,,
Data,standard,ShuffleNetV2x10,x,,,,,,,,,x,,,,,,x,,,,,,,,,x,,,,,,,,
Data,standard,mobilenet_v2,x,,,,,,,,,x,,,,,,x,,,,,,,,,x,,,,,,,,
Data,standard,mobilenet_v3_large,x,,,,,,,,,x,,,,,,x,,,,,,,,,x,,,,,,,,
Data,standard,mobilenet_v3_small,x,,,,,,,,,x,,,,,,x,,,,,,,,,x,,,,,,,,
Data,standard,resnext50_32x4d,x,,,,,,,,,x,,,,,,x,,,,,,,,,x,,,,,,,,
Data,standard,resnext101_32x8d,x,,,,,,,,,x,,,,,,x,,,,,,,,,x,,,,,,,,
Data,standard,wide_resnet101_2,x,,,,,,,,,x,,,,,,x,,,,,,,,,x,,,,,,,,
Data,standard,wide_resnet50_2,x,,,,,,,,,x,,,,,,x,,,,,,,,,x,,,,,,,,
Data,standard,mnasnet05,x,,,,,,,,,x,,,,,,x,,,,,,,,,x,,,,,,,,
Data,standard,mnasnet10,x,,,,,,,,,x,,,,,,x,,,,,,,,,x,,,,,,,,
Data,standard,efficientnet_b0,x,,,,,,,,,x,,,,,,x,,,,,,,,,x,,,,,,,,
Data,standard,efficientnet_b1,x,,,,,,,,,x,,,,,,x,,,,,,,,,x,,,,,,,,
Data,standard,efficientnet_b2,x,,,,,,,,,x,,,,,,x,,,,,,,,,x,,,,,,,,
Data,standard,efficientnet_b3,x,,,,,,,,,x,,,,,,x,,,,,,,,,x,,,,,,,,
Data,standard,efficientnet_b4,x,,,,,,,,,x,,,,,,x,,,,,,,,,x,,,,,,,,
Data,standard,efficientnet_b5,x,,,,,,,,,x,,,,,,x,,,,,,,,,x,,,,,,,,
Data,standard,efficientnet_b6,x,,,,,,,,,x,,,,,,x,,,,,,,,,x,,,,,,,,
Data,standard,efficientnet_b7,x,,,,,,,,,x,,,,,,x,,,,,,,,,x,,,,,,,,
Data,standard,regnet_y_400mf,x,,,,,,,,,x,,,,,,x,,,,,,,,,x,,,,,,,,
Data,standard,regnet_y_800mf,x,,,,,,,,,x,,,,,,x,,,,,,,,,x,,,,,,,,
Data,standard,regnet_y_1_6gf,x,,,,,,,,,x,,,,,,x,,,,,,,,,x,,,,,,,,
Data,standard,regnet_y_3_2gf,x,,,,,,,,,x,,,,,,x,,,,,,,,,x,,,,,,,,
Data,standard,regnet_y_8gf,x,,,,,,,,,x,,,,,,x,,,,,,,,,x,,,,,,,,
Data,standard,regnet_y_16gf,x,,,,,,,,,x,,,,,,x,,,,,,,,,x,,,,,,,,
Data,standard,regnet_y_32gf,x,,,,,,,,,x,,,,,,x,,,,,,,,,x,,,,,,,,
Data,standard,regnet_x_400mf,x,,,,,,,,,x,,,,,,x,,,,,,,,,x,,,,,,,,
Data,standard,regnet_x_800mf,x,,,,,,,,,x,,,,,,x,,,,,,,,,x,,,,,,,,
Data,standard,regnet_x_1_6gf,x,,,,,,,,,x,,,,,,x,,,,,,,,,x,,,,,,,,
Data,standard,regnet_x_3_2gf,x,,,,,,,,,x,,,,,,x,,,,,,,,,x,,,,,,,,
Data,standard,regnet_x_8gf,x,,,,,,,,,x,,,,,,x,,,,,,,,,x,,,,,,,,
Data,standard,regnet_x_16gf,x,,,,,,,,,x,,,,,,x,,,,,,,,,x,,,,,,,,
Data,standard,regnet_x_32gf,x,,,,,,,,,x,,,,,,x,,,,,,,,,x,,,,,,,,
Data,toolbox,Places365,x,,,,,,,,,x,,,,,,,,,x,,,,,,x,,,,,,,,
Data,toolbox,SceneParsing,,,,,x,,,,,x,,,,,,,,,,x,,,,,x,,,,,,,,
Data,timm,adv_inception_v3,x,,,,,,,,,x,,,x,,,x,,,,,,,,,x,,,,,,,,
Data,timm,cait_m36_384,x,,,,,,,,,,,,x,,,x,,,,,,,,,x,,,,,,,,
Data,timm,cait_m48_448,x,,,,,,,,,,,,x,,,x,,,,,,,,,x,,,,,,,,
Data,timm,cait_s24_224,x,,,,,,,,,,,,x,,,x,,,,,,,,,x,,,,,,,,
Data,timm,cait_s24_384,x,,,,,,,,,,,,x,,,x,,,,,,,,,x,,,,,,,,
Data,timm,cait_s36_384,x,,,,,,,,,,,,x,,,x,,,,,,,,,x,,,,,,,,
Data,timm,cait_xs24_384,x,,,,,,,,,,,,x,,,x,,,,,,,,,x,,,,,,,,
Data,timm,cait_xxs24_224,x,,,,,,,,,,,,x,,,x,,,,,,,,,x,,,,,,,,
Data,timm,cait_xxs24_384,x,,,,,,,,,,,,x,,,x,,,,,,,,,x,,,,,,,,
Data,timm,cait_xxs36_224,x,,,,,,,,,,,,x,,,x,,,,,,,,,x,,,,,,,,
Data,timm,cait_xxs36_384,x,,,,,,,,,,,,x,,,x,,,,,,,,,x,,,,,,,,
Data,timm,coat_lite_mini,x,,,,,,,,,,,,x,,,x,,,,,,,,,x,,,,,,,,
Data,timm,coat_lite_small,x,,,,,,,,,,,,x,,,x,,,,,,,,,x,,,,,,,,
Data,timm,coat_lite_tiny,x,,,,,,,,,,,,x,,,x,,,,,,,,,x,,,,,,,,
Data,timm,coat_mini,x,,,,,,,,,,,,x,,,x,,,,,,,,,x,,,,,,,,
Data,timm,coat_tiny,x,,,,,,,,,,,,x,,,x,,,,,,,,,x,,,,,,,,
Data,timm,convit_base,x,,,,,,,,,,,,x,,,x,,,,,,,,,x,,,,,,,,
Data,timm,convit_small,x,,,,,,,,,,,,x,,,x,,,,,,,,,x,,,,,,,,
Data,timm,convit_tiny,x,,,,,,,,,,,,x,,,x,,,,,,,,,x,,,,,,,,
Data,timm,cspdarknet53,,,x,,,,,,,x,,,,,,x,,,,,,,,,x,,,,,,,,
Data,timm,cspresnet50,,,x,,,,,,,x,,,,,,x,,,,,,,,,x,,,,,,,,
Data,timm,cspresnext50,,,x,,,,,,,x,,,,,,x,,,,,,,,,x,,,,,,,,
Data,timm,deit_base_distilled_patch16_224,x,,,,,,,,,,,,x,,,x,,,,,,,,,x,,,,,,,,
Data,timm,deit_base_distilled_patch16_384,x,,,,,,,,,,,,x,,,x,,,,,,,,,x,,,,,,,,
Data,timm,deit_base_patch16_224,x,,,,,,,,,,,,x,,,x,,,,,,,,,x,,,,,,,,
Data,timm,deit_base_patch16_384,x,,,,,,,,,,,,x,,,x,,,,,,,,,x,,,,,,,,
Data,timm,deit_small_distilled_patch16_224,x,,,,,,,,,,,,x,,,x,,,,,,,,,x,,,,,,,,
Data,timm,deit_small_patch16_224,x,,,,,,,,,,,,x,,,x,,,,,,,,,x,,,,,,,,
Data,timm,deit_tiny_distilled_patch16_224,x,,,,,,,,,,,,x,,,x,,,,,,,,,x,,,,,,,,
Data,timm,deit_tiny_patch16_224,x,,,,,,,,,,,,x,,,x,,,,,,,,,x,,,,,,,,
Data,timm,densenet121,x,,,,,,,,,x,,,,,,x,,,,,,,,,x,,,,,,,,
Data,timm,densenet161,x,,,,,,,,,x,,,,,,x,,,,,,,,,x,,,,,,,,
Data,timm,densenet169,x,,,,,,,,,x,,,,,,x,,,,,,,,,x,,,,,,,,
Data,timm,densenet201,x,,,,,,,,,x,,,,,,x,,,,,,,,,x,,,,,,,,
Data,timm,densenetblur121d,x,,,,,,,,,x,,,,,,x,,,,,,,,,x,,,,,,,,
Data,timm,dla34,x,,,,,,,,,x,,,,,,x,,,,,,,,,x,,,,,,,,
Data,timm,dla46_c,x,,,,,,,,,x,,,,,,x,,,,,,,,,x,,,,,,,,
Data,timm,dla46x_c,x,,,,,,,,,x,,,,,,x,,,,,,,,,x,,,,,,,,
Data,timm,dla60,x,,,,,,,,,x,,,,,,x,,,,,,,,,x,,,,,,,,
Data,timm,dla60_res2net,x,,,,,,,,,x,,,,,,x,,,,,,,,,x,,,,,,,,
Data,timm,dla60_res2next,x,,,,,,,,,x,,,,,,x,,,,,,,,,x,,,,,,,,
Data,timm,dla60x,x,,,,,,,,,x,,,,,,x,,,,,,,,,x,,,,,,,,
Data,timm,dla60x_c,x,,,,,,,,,x,,,,,,x,,,,,,,,,x,,,,,,,,
Data,timm,dla102,x,,,,,,,,,x,,,,,,x,,,,,,,,,x,,,,,,,,
Data,timm,dla102x,x,,,,,,,,,x,,,,,,x,,,,,,,,,x,,,,,,,,
Data,timm,dla102x2,x,,,,,,,,,x,,,,,,x,,,,,,,,,x,,,,,,,,
Data,timm,dla169,x,,,,,,,,,x,,,,,,x,,,,,,,,,x,,,,,,,,
Data,timm,dm_nfnet_f0,x,,,,,,,,,x,,,,,,x,,,,,,,,,x,,,,,,,,
Data,timm,dm_nfnet_f1,x,,,,,,,,,x,,,,,,x,,,,,,,,,x,,,,,,,,
Data,timm,dm_nfnet_f2,x,,,,,,,,,x,,,,,,x,,,,,,,,,x,,,,,,,,
Data,timm,dm_nfnet_f3,x,,,,,,,,,x,,,,,,x,,,,,,,,,x,,,,,,,,
Data,timm,dm_nfnet_f4,x,,,,,,,,,x,,,,,,x,,,,,,,,,x,,,,,,,,
Data,timm,dm_nfnet_f5,x,,,,,,,,,x,,,,,,x,,,,,,,,,x,,,,,,,,
Data,timm,dm_nfnet_f6,x,,,,,,,,,x,,,,,,x,,,,,,,,,x,,,,,,,,
Data,timm,dpn68,x,,,,,,,,,x,,,,,,x,,,,,,,,,x,,,,,,,,
Data,timm,dpn68b,x,,,,,,,,,x,,,,,,x,,,,,,,,,x,,,,,,,,
Data,timm,dpn92,x,,,,,,,,,x,,,,,,x,,,,,,,,,x,,,,,,,,
Data,timm,dpn98,x,,,,,,,,,x,,,,,,x,,,,,,,,,x,,,,,,,,
Data,timm,dpn107,x,,,,,,,,,x,,,,,,x,,,,,,,,,x,,,,,,,,
Data,timm,dpn131,x,,,,,,,,,x,,,,,,x,,,,,,,,,x,,,,,,,,
Data,timm,eca_nfnet_l0,x,,,,,,,,,x,,,,,,x,,,,,,,,,x,,,,,,,,
Data,timm,eca_nfnet_l1,x,,,,,,,,,x,,,,,,x,,,,,,,,,x,,,,,,,,
Data,timm,eca_nfnet_l2,x,,,,,,,,,x,,,,,,x,,,,,,,,,x,,,,,,,,
Data,timm,ecaresnet26t,x,,,,,,,,,x,,,,,,x,,,,,,,,,x,,,,,,,,
Data,timm,ecaresnet50d,x,,,,,,,,,x,,,,,,x,,,,,,,,,x,,,,,,,,
Data,timm,ecaresnet50d_pruned,x,,,,,,,,,x,,,,,,x,,,,,,,,,x,,,,,,,,
Data,timm,ecaresnet50t,x,,,,,,,,,x,,,,,,x,,,,,,,,,x,,,,,,,,
Data,timm,ecaresnet101d,x,,,,,,,,,x,,,,,,x,,,,,,,,,x,,,,,,,,
Data,timm,ecaresnet101d_pruned,x,,,,,,,,,x,,,,,,x,,,,,,,,,x,,,,,,,,
Data,timm,ecaresnet269d,x,,,,,,,,,x,,,,,,x,,,,,,,,,x,,,,,,,,
Data,timm,ecaresnetlight,x,,,,,,,,,x,,,,,,x,,,,,,,,,x,,,,,,,,
Data,timm,efficientnet_b0,x,,,,,,,,,x,,,,,,x,,,,,,,,,x,,,,,,,,
Data,timm,efficientnet_b1,x,,,,,,,,,x,,,,,,x,,,,,,,,,x,,,,,,,,
Data,timm,efficientnet_b1_pruned,x,,,,,,,,,x,,,,,,x,,,,,,,,,x,,,,,,,,
Data,timm,efficientnet_b2,x,,,,,,,,,x,,,,,,x,,,,,,,,,x,,,,,,,,
Data,timm,efficientnet_b2_pruned,x,,,,,,,,,x,,,,,,x,,,,,,,,,x,,,,,,,,
Data,timm,efficientnet_b3,x,,,,,,,,,x,,,,,,x,,,,,,,,,x,,,,,,,,
Data,timm,efficientnet_b3_pruned,x,,,,,,,,,x,,,,,,x,,,,,,,,,x,,,,,,,,
Data,timm,efficientnet_b4,x,,,,,,,,,x,,,,,,x,,,,,,,,,x,,,,,,,,
Data,timm,efficientnet_el,x,,,,,,,,,x,,,,,,x,,,,,,,,,x,,,,,,,,
Data,timm,efficientnet_el_pruned,x,,,,,,,,,x,,,,,,x,,,,,,,,,x,,,,,,,,
Data,timm,efficientnet_em,x,,,,,,,,,x,,,,,,x,,,,,,,,,x,,,,,,,,
Data,timm,efficientnet_es,x,,,,,,,,,x,,,,,,x,,,,,,,,,x,,,,,,,,
Data,timm,efficientnet_es_pruned,x,,,,,,,,,x,,,,,,x,,,,,,,,,x,,,,,,,,
Data,timm,efficientnet_lite0,x,,,,,,,,,x,,,,,,x,,,,,,,,,x,,,,,,,,
Data,timm,efficientnetv2_rw_m,x,,,,,,,,,x,,,,,,x,,,,,,,,,x,,,,,,,,
Data,timm,efficientnetv2_rw_s,x,,,,,,,,,x,,,,,,x,,,,,,,,,x,,,,,,,,
Data,timm,ens_adv_inception_resnet_v2,x,,,,,,,,,x,,,,,,x,,,,,,,,,x,,,,,,,,
Data,timm,ese_vovnet19b_dw,x,,,,,,,,,x,,,,,,x,,,,,,,,,x,,,,,,,,
Data,timm,ese_vovnet39b,x,,,,,,,,,x,,,,,,x,,,,,,,,,x,,,,,,,,
Data,timm,fbnetc_100,x,,,,,,,,,x,,,,,,x,,,,,,,,,x,,,,,,,,
Data,timm,gernet_l,x,,,,,,,,,x,,,,,,x,,,,,,,,,x,,,,,,,,
Data,timm,gernet_m,x,,,,,,,,,x,,,,,,x,,,,,,,,,x,,,,,,,,
Data,timm,gernet_s,x,,,,,,,,,x,,,,,,x,,,,,,,,,x,,,,,,,,
Data,timm,ghostnet_100,x,,,,,,,,,x,,,,,,x,,,,,,,,,x,,,,,,,,
Data,timm,gluon_inception_v3,x,,,,,,,,,x,,,,,,x,,,,,,,,,x,,,,,,,,
Data,timm,gluon_resnet18_v1b,x,,,,,,,,,x,,,,,,x,,,,,,,,,x,,,,,,,,
Data,timm,gluon_resnet34_v1b,x,,,,,,,,,x,,,,,,x,,,,,,,,,x,,,,,,,,
Data,timm,gluon_resnet50_v1b,x,,,,,,,,,x,,,,,,x,,,,,,,,,x,,,,,,,,
Data,timm,gluon_resnet50_v1c,x,,,,,,,,,x,,,,,,x,,,,,,,,,x,,,,,,,,
Data,timm,gluon_resnet50_v1d,x,,,,,,,,,x,,,,,,x,,,,,,,,,x,,,,,,,,
Data,timm,gluon_resnet50_v1s,x,,,,,,,,,x,,,,,,x,,,,,,,,,x,,,,,,,,
Data,timm,gluon_resnet101_v1b,x,,,,,,,,,x,,,,,,x,,,,,,,,,x,,,,,,,,
Data,timm,gluon_resnet101_v1c,x,,,,,,,,,x,,,,,,x,,,,,,,,,x,,,,,,,,
Data,timm,gluon_resnet101_v1d,x,,,,,,,,,x,,,,,,x,,,,,,,,,x,,,,,,,,
Data,timm,gluon_resnet101_v1s,x,,,,,,,,,x,,,,,,x,,,,,,,,,x,,,,,,,,
Data,timm,gluon_resnet152_v1b,x,,,,,,,,,x,,,,,,x,,,,,,,,,x,,,,,,,,
Data,timm,gluon_resnet152_v1c,x,,,,,,,,,x,,,,,,x,,,,,,,,,x,,,,,,,,
Data,timm,gluon_resnet152_v1d,x,,,,,,,,,x,,,,,,x,,,,,,,,,x,,,,,,,,
Data,timm,gluon_resnet152_v1s,x,,,,,,,,,x,,,,,,x,,,,,,,,,x,,,,,,,,
Data,timm,gluon_resnext50_32x4d,x,,,,,,,,,x,,,,,,x,,,,,,,,,x,,,,,,,,
Data,timm,gluon_resnext101_32x4d,x,,,,,,,,,x,,,,,,x,,,,,,,,,x,,,,,,,,
Data,timm,gluon_resnext101_64x4d,x,,,,,,,,,x,,,,,,x,,,,,,,,,x,,,,,,,,
Data,timm,gluon_senet154,x,,,,,,,,,x,,,,,,x,,,,,,,,,x,,,,,,,,
Data,timm,gluon_seresnext50_32x4d,x,,,,,,,,,x,,,,,,x,,,,,,,,,x,,,,,,,,
Data,timm,gluon_seresnext101_32x4d,x,,,,,,,,,x,,,,,,x,,,,,,,,,x,,,,,,,,
Data,timm,gluon_seresnext101_64x4d,x,,,,,,,,,x,,,,,,x,,,,,,,,,x,,,,,,,,
Data,timm,gluon_xception65,x,,,,,,,,,x,,,,,,x,,,,,,,,,x,,,,,,,,
Data,timm,gmixer_24_224,x,,,,,,,,,,,x,,,,x,,,,,,,,,x,,,,,,,,
Data,timm,gmlp_s16_224,x,,,,,,,,,,,x,,,,x,,,,,,,,,x,,,,,,,,
Data,timm,hardcorenas_a,x,,,,,,,,,x,,,,,,x,,,,,,,,,x,,,,,,,,
Data,timm,hardcorenas_b,x,,,,,,,,,x,,,,,,x,,,,,,,,,x,,,,,,,,
Data,timm,hardcorenas_c,x,,,,,,,,,x,,,,,,x,,,,,,,,,x,,,,,,,,
Data,timm,hardcorenas_d,x,,,,,,,,,x,,,,,,x,,,,,,,,,x,,,,,,,,
Data,timm,hardcorenas_e,x,,,,,,,,,x,,,,,,x,,,,,,,,,x,,,,,,,,
Data,timm,hardcorenas_f,x,,,,,,,,,x,,,,,,x,,,,,,,,,x,,,,,,,,
Data,timm,hrnet_w18,x,,,,,,,,,x,,,,,,x,,,,,,,,,x,,,,,,,,
Data,timm,hrnet_w18_small,x,,,,,,,,,x,,,,,,x,,,,,,,,,x,,,,,,,,
Data,timm,hrnet_w18_small_v2,x,,,,,,,,,x,,,,,,x,,,,,,,,,x,,,,,,,,
Data,timm,hrnet_w30,x,,,,,,,,,x,,,,,,x,,,,,,,,,x,,,,,,,,
Data,timm,hrnet_w32,x,,,,,,,,,x,,,,,,x,,,,,,,,,x,,,,,,,,
Data,timm,hrnet_w40,x,,,,,,,,,x,,,,,,x,,,,,,,,,x,,,,,,,,
Data,timm,hrnet_w44,x,,,,,,,,,x,,,,,,x,,,,,,,,,x,,,,,,,,
Data,timm,hrnet_w48,x,,,,,,,,,x,,,,,,x,,,,,,,,,x,,,,,,,,
Data,timm,hrnet_w64,x,,,,,,,,,x,,,,,,x,,,,,,,,,x,,,,,,,,
Data,timm,ig_resnext101_32x8d,x,,,,,,,,,x,,,,,,x,,,,,,,,,x,,,,,,,,
Data,timm,ig_resnext101_32x16d,x,,,,,,,,,x,,,,,,x,,,,,,,,,x,,,,,,,,
Data,timm,ig_resnext101_32x32d,x,,,,,,,,,x,,,,,,x,,,,,,,,,x,,,,,,,,
Data,timm,ig_resnext101_32x48d,x,,,,,,,,,x,,,,,,x,,,,,,,,,x,,,,,,,,
Data,timm,inception_resnet_v2,x,,,,,,,,,x,,,,,,x,,,,,,,,,x,,,,,,,,
Data,timm,inception_v3,x,,,,,,,,,x,,,,,,x,,,,,,,,,x,,,,,,,,
Data,timm,inception_v4,x,,,,,,,,,x,,,,,,x,,,,,,,,,x,,,,,,,,
Data,timm,legacy_senet154,x,,,,,,,,,x,,,,,,x,,,,,,,,,x,,,,,,,,
Data,timm,legacy_seresnet18,x,,,,,,,,,x,,,,,,x,,,,,,,,,x,,,,,,,,
Data,timm,legacy_seresnet34,x,,,,,,,,,x,,,,,,x,,,,,,,,,x,,,,,,,,
Data,timm,legacy_seresnet50,x,,,,,,,,,x,,,,,,x,,,,,,,,,x,,,,,,,,
Data,timm,legacy_seresnet101,x,,,,,,,,,x,,,,,,x,,,,,,,,,x,,,,,,,,
Data,timm,legacy_seresnet152,x,,,,,,,,,x,,,,,,x,,,,,,,,,x,,,,,,,,
Data,timm,legacy_seresnext26_32x4d,x,,,,,,,,,x,,,,,,x,,,,,,,,,x,,,,,,,,
Data,timm,legacy_seresnext50_32x4d,x,,,,,,,,,x,,,,,,x,,,,,,,,,x,,,,,,,,
Data,timm,legacy_seresnext101_32x4d,x,,,,,,,,,x,,,,,,x,,,,,,,,,x,,,,,,,,
Data,timm,levit_384,x,,,,,,,,,x,,,,,,x,,,,,,,,,x,,,,,,,,
Data,timm,mixer_b16_224,x,,,,,,,,,,,x,,,,x,,,,,,,,,x,,,,,,,,
Data,timm,mixer_b16_224_in21k,x,,,,,,,,,,,x,,,,x,,,,,,,,,x,,,,,,,,
Data,timm,mixer_b16_224_miil,x,,,,,,,,,,,x,,,,x,,,,,,,,,x,,,,,,,,
Data,timm,mixer_b16_224_miil_in21k,x,,,,,,,,,,,x,,,,x,,,,,,,,,x,,,,,,,,
Data,timm,mixer_l16_224,x,,,,,,,,,,,x,,,,x,,,,,,,,,x,,,,,,,,
Data,timm,mixer_l16_224_in21k,x,,,,,,,,,,,x,,,,x,,,,,,,,,x,,,,,,,,
Data,timm,mixnet_l,x,,,,,,,,,,,x,,,,x,,,,,,,,,x,,,,,,,,
Data,timm,mixnet_m,x,,,,,,,,,,,x,,,,x,,,,,,,,,x,,,,,,,,
Data,timm,mixnet_s,x,,,,,,,,,,,x,,,,x,,,,,,,,,x,,,,,,,,
Data,timm,mixnet_xl,x,,,,,,,,,,,x,,,,x,,,,,,,,,x,,,,,,,,
Data,timm,mnasnet_100,x,,,,,,,,,x,,,,,,x,,,,,,,,,x,,,,,,,,
Data,timm,mobilenetv2_100,x,,,,,,,,,x,,,,,,x,,,,,,,,,x,,,,,,,,
Data,timm,mobilenetv2_110d,x,,,,,,,,,x,,,,,,x,,,,,,,,,x,,,,,,,,
Data,timm,mobilenetv2_120d,x,,,,,,,,,x,,,,,,x,,,,,,,,,x,,,,,,,,
Data,timm,mobilenetv2_140,x,,,,,,,,,x,,,,,,x,,,,,,,,,x,,,,,,,,
Data,timm,mobilenetv3_large_100,x,,,,,,,,,x,,,,,,x,,,,,,,,,x,,,,,,,,
Data,timm,mobilenetv3_large_100_miil,x,,,,,,,,,x,,,,,,x,,,,,,,,,x,,,,,,,,
Data,timm,mobilenetv3_large_100_miil_in21k,x,,,,,,,,,x,,,,,,x,,,,,,,,,x,,,,,,,,
Data,timm,mobilenetv3_rw,x,,,,,,,,,x,,,,,,x,,,,,,,,,x,,,,,,,,
Data,timm,nasnetalarge,x,,,,,,,,,x,,,,,,x,,,,,,,,,x,,,,,,,,
Data,timm,nf_regnet_b1,x,,,,,,,,,x,,,,,,x,,,,,,,,,x,,,,,,,,
Data,timm,nf_resnet50,x,,,,,,,,,x,,,,,,x,,,,,,,,,x,,,,,,,,
Data,timm,nfnet_l0,x,,,,,,,,,x,,,,,,x,,,,,,,,,x,,,,,,,,
Data,timm,pit_b_224,x,,,,,,,,,,,,x,,,x,,,,,,,,,x,,,,,,,,
Data,timm,pit_b_distilled_224,x,,,,,,,,,,,,x,,,x,,,,,,,,,x,,,,,,,,
Data,timm,pit_s_224,x,,,,,,,,,,,,x,,,x,,,,,,,,,x,,,,,,,,
Data,timm,pit_s_distilled_224,x,,,,,,,,,,,,x,,,x,,,,,,,,,x,,,,,,,,
Data,timm,pit_ti_224,x,,,,,,,,,,,,x,,,x,,,,,,,,,x,,,,,,,,
Data,timm,pit_ti_distilled_224,x,,,,,,,,,,,,x,,,x,,,,,,,,,x,,,,,,,,
Data,timm,pit_xs_224,x,,,,,,,,,,,,x,,,x,,,,,,,,,x,,,,,,,,
Data,timm,pit_xs_distilled_224,x,,,,,,,,,,,,x,,,x,,,,,,,,,x,,,,,,,,
Data,timm,pnasnet5large,x,,,,,,,,,x,,,,,,x,,,,,,,,,x,,,,,,,,
Data,timm,regnetx_002,x,,,,,,,,,x,,,,,,x,,,,,,,,,x,,,,,,,,
Data,timm,regnetx_004,x,,,,,,,,,x,,,,,,x,,,,,,,,,x,,,,,,,,
Data,timm,regnetx_006,x,,,,,,,,,x,,,,,,x,,,,,,,,,x,,,,,,,,
Data,timm,regnetx_008,x,,,,,,,,,x,,,,,,x,,,,,,,,,x,,,,,,,,
Data,timm,regnetx_016,x,,,,,,,,,x,,,,,,x,,,,,,,,,x,,,,,,,,
Data,timm,regnetx_032,x,,,,,,,,,x,,,,,,x,,,,,,,,,x,,,,,,,,
Data,timm,regnetx_040,x,,,,,,,,,x,,,,,,x,,,,,,,,,x,,,,,,,,
Data,timm,regnetx_064,x,,,,,,,,,x,,,,,,x,,,,,,,,,x,,,,,,,,
Data,timm,regnetx_080,x,,,,,,,,,x,,,,,,x,,,,,,,,,x,,,,,,,,
Data,timm,regnetx_120,x,,,,,,,,,x,,,,,,x,,,,,,,,,x,,,,,,,,
Data,timm,regnetx_160,x,,,,,,,,,x,,,,,,x,,,,,,,,,x,,,,,,,,
Data,timm,regnetx_320,x,,,,,,,,,x,,,,,,x,,,,,,,,,x,,,,,,,,
Data,timm,regnety_002,x,,,,,,,,,x,,,,,,x,,,,,,,,,x,,,,,,,,
Data,timm,regnety_004,x,,,,,,,,,x,,,,,,x,,,,,,,,,x,,,,,,,,
Data,timm,regnety_006,x,,,,,,,,,x,,,,,,x,,,,,,,,,x,,,,,,,,
Data,timm,regnety_008,x,,,,,,,,,x,,,,,,x,,,,,,,,,x,,,,,,,,
Data,timm,regnety_016,x,,,,,,,,,x,,,,,,x,,,,,,,,,x,,,,,,,,
Data,timm,regnety_032,x,,,,,,,,,x,,,,,,x,,,,,,,,,x,,,,,,,,
Data,timm,regnety_040,x,,,,,,,,,x,,,,,,x,,,,,,,,,x,,,,,,,,
Data,timm,regnety_064,x,,,,,,,,,x,,,,,,x,,,,,,,,,x,,,,,,,,
Data,timm,regnety_080,x,,,,,,,,,x,,,,,,x,,,,,,,,,x,,,,,,,,
Data,timm,regnety_120,x,,,,,,,,,x,,,,,,x,,,,,,,,,x,,,,,,,,
Data,timm,regnety_160,x,,,,,,,,,x,,,,,,x,,,,,,,,,x,,,,,,,,
Data,timm,regnety_320,x,,,,,,,,,x,,,,,,x,,,,,,,,,x,,,,,,,,
Data,timm,repvgg_a2,x,,,,,,,,,x,,,,,,x,,,,,,,,,x,,,,,,,,
Data,timm,repvgg_b0,x,,,,,,,,,x,,,,,,x,,,,,,,,,x,,,,,,,,
Data,timm,repvgg_b1,x,,,,,,,,,x,,,,,,x,,,,,,,,,x,,,,,,,,
Data,timm,repvgg_b1g4,x,,,,,,,,,x,,,,,,x,,,,,,,,,x,,,,,,,,
Data,timm,repvgg_b2,x,,,,,,,,,x,,,,,,x,,,,,,,,,x,,,,,,,,
Data,timm,repvgg_b2g4,x,,,,,,,,,x,,,,,,x,,,,,,,,,x,,,,,,,,
Data,timm,repvgg_b3,x,,,,,,,,,x,,,,,,x,,,,,,,,,x,,,,,,,,
Data,timm,repvgg_b3g4,x,,,,,,,,,x,,,,,,x,,,,,,,,,x,,,,,,,,
Data,timm,res2net50_14w_8s,x,,,,,,,,,x,,,,,,x,,,,,,,,,x,,,,,,,,
Data,timm,res2net50_26w_4s,x,,,,,,,,,x,,,,,,x,,,,,,,,,x,,,,,,,,
Data,timm,res2net50_26w_6s,x,,,,,,,,,x,,,,,,x,,,,,,,,,x,,,,,,,,
Data,timm,res2net50_26w_8s,x,,,,,,,,,x,,,,,,x,,,,,,,,,x,,,,,,,,
Data,timm,res2net50_48w_2s,x,,,,,,,,,x,,,,,,x,,,,,,,,,x,,,,,,,,
Data,timm,res2net101_26w_4s,x,,,,,,,,,x,,,,,,x,,,,,,,,,x,,,,,,,,
Data,timm,res2next50,x,,,,,,,,,,,x,,,,x,,,,,,,,,x,,,,,,,,
Data,timm,resmlp_12_224,x,,,,,,,,,,,x,,,,x,,,,,,,,,x,,,,,,,,
Data,timm,resmlp_12_distilled_224,x,,,,,,,,,,,x,,,,x,,,,,,,,,x,,,,,,,,
Data,timm,resmlp_24_224,x,,,,,,,,,,,x,,,,x,,,,,,,,,x,,,,,,,,
Data,timm,resmlp_24_distilled_224,x,,,,,,,,,,,x,,,,x,,,,,,,,,x,,,,,,,,
Data,timm,resmlp_36_224,x,,,,,,,,,,,x,,,,x,,,,,,,,,x,,,,,,,,
Data,timm,resmlp_36_distilled_224,x,,,,,,,,,,,x,,,,x,,,,,,,,,x,,,,,,,,
Data,timm,resmlp_big_24_224,x,,,,,,,,,,,x,,,,x,,,,,,,,,x,,,,,,,,
Data,timm,resmlp_big_24_224_in22ft1k,x,,,,,,,,,,,x,,,,x,,,,,,,,,x,,,,,,,,
Data,timm,resmlp_big_24_distilled_224,x,,,,,,,,,,,x,,,,x,,,,,,,,,x,,,,,,,,
Data,timm,resnet18,x,,,,,,,,,x,,,,,,x,,,,,,,,,x,,,,,,,,
Data,timm,resnet18d,x,,,,,,,,,x,,,,,,x,,,,,,,,,x,,,,,,,,
Data,timm,resnet26,x,,,,,,,,,x,,,,,,x,,,,,,,,,x,,,,,,,,
Data,timm,resnet26d,x,,,,,,,,,x,,,,,,x,,,,,,,,,x,,,,,,,,
Data,timm,resnet34,x,,,,,,,,,x,,,,,,x,,,,,,,,,x,,,,,,,,
Data,timm,resnet34d,x,,,,,,,,,x,,,,,,x,,,,,,,,,x,,,,,,,,
Data,timm,resnet50,x,,,,,,,,,x,,,,,,x,,,,,,,,,x,,,,,,,,
Data,timm,resnet50d,x,,,,,,,,,x,,,,,,x,,,,,,,,,x,,,,,,,,
Data,timm,resnet51q,x,,,,,,,,,x,,,,,,x,,,,,,,,,x,,,,,,,,
Data,timm,resnet101d,x,,,,,,,,,x,,,,,,x,,,,,,,,,x,,,,,,,,
Data,timm,resnet152d,x,,,,,,,,,x,,,,,,x,,,,,,,,,x,,,,,,,,
Data,timm,resnet200d,x,,,,,,,,,x,,,,,,x,,,,,,,,,x,,,,,,,,
Data,timm,resnetblur50,x,,,,,,,,,x,,,,,,x,,,,,,,,,x,,,,,,,,
Data,timm,resnetrs50,x,,,,,,,,,x,,,,,,x,,,,,,,,,x,,,,,,,,
Data,timm,resnetrs101,x,,,,,,,,,x,,,,,,x,,,,,,,,,x,,,,,,,,
Data,timm,resnetrs152,x,,,,,,,,,x,,,,,,x,,,,,,,,,x,,,,,,,,
Data,timm,resnetrs200,x,,,,,,,,,x,,,,,,x,,,,,,,,,x,,,,,,,,
Data,timm,resnetrs270,x,,,,,,,,,x,,,,,,x,,,,,,,,,x,,,,,,,,
Data,timm,resnetrs350,x,,,,,,,,,x,,,,,,x,,,,,,,,,x,,,,,,,,
Data,timm,resnetrs420,x,,,,,,,,,x,,,,,,x,,,,,,,,,x,,,,,,,,
Data,timm,resnetv2_50x1_bit_distilled,x,,,,,,,,,x,,,,,,x,,,,,,,,,x,,,,,,,,
Data,timm,resnetv2_50x1_bitm,x,,,,,,,,,x,,,,,,x,,,,,,,,,x,,,,,,,,
Data,timm,resnetv2_50x1_bitm_in21k,x,,,,,,,,,x,,,,,,x,,,,,,,,,x,,,,,,,,
Data,timm,resnetv2_50x3_bitm,x,,,,,,,,,x,,,,,,x,,,,,,,,,x,,,,,,,,
Data,timm,resnetv2_50x3_bitm_in21k,x,,,,,,,,,x,,,,,,x,,,,,,,,,x,,,,,,,,
Data,timm,resnetv2_101x1_bitm,x,,,,,,,,,x,,,,,,x,,,,,,,,,x,,,,,,,,
Data,timm,resnetv2_101x1_bitm_in21k,x,,,,,,,,,x,,,,,,x,,,,,,,,,x,,,,,,,,
Data,timm,resnetv2_101x3_bitm,x,,,,,,,,,x,,,,,,x,,,,,,,,,x,,,,,,,,
Data,timm,resnetv2_101x3_bitm_in21k,x,,,,,,,,,x,,,,,,x,,,,,,,,,x,,,,,,,,
Data,timm,resnetv2_152x2_bit_teacher,x,,,,,,,,,x,,,,,,x,,,,,,,,,x,,,,,,,,
Data,timm,resnetv2_152x2_bit_teacher_384,x,,,,,,,,,x,,,,,,x,,,,,,,,,x,,,,,,,,
Data,timm,resnetv2_152x2_bitm,x,,,,,,,,,x,,,,,,x,,,,,,,,,x,,,,,,,,
Data,timm,resnetv2_152x2_bitm_in21k,x,,,,,,,,,x,,,,,,x,,,,,,,,,x,,,,,,,,
Data,timm,resnetv2_152x4_bitm,x,,,,,,,,,x,,,,,,x,,,,,,,,,x,,,,,,,,
Data,timm,resnetv2_152x4_bitm_in21k,x,,,,,,,,,x,,,,,,x,,,,,,,,,x,,,,,,,,
Data,timm,resnext50_32x4d,x,,,,,,,,,x,,,,,,x,,,,,,,,,x,,,,,,,,
Data,timm,resnext50d_32x4d,x,,,,,,,,,x,,,,,,x,,,,,,,,,x,,,,,,,,
Data,timm,resnext101_32x8d,x,,,,,,,,,x,,,,,,x,,,,,,,,,x,,,,,,,,
Data,timm,selecsls42b,x,,,,,,,,,x,,,,,,x,,,,,,,,,x,,,,,,,,
Data,timm,selecsls60,x,,,,,,,,,x,,,,,,x,,,,,,,,,x,,,,,,,,
Data,timm,selecsls60b,x,,,,,,,,,x,,,,,,x,,,,,,,,,x,,,,,,,,
Data,timm,semnasnet_100,x,,,,,,,,,x,,,,,,x,,,,,,,,,x,,,,,,,,
Data,timm,seresnet50,x,,,,,,,,,x,,,,,,x,,,,,,,,,x,,,,,,,,
Data,timm,seresnet152d,x,,,,,,,,,x,,,,,,x,,,,,,,,,x,,,,,,,,
Data,timm,seresnext26d_32x4d,x,,,,,,,,,x,,,,,,x,,,,,,,,,x,,,,,,,,
Data,timm,seresnext26t_32x4d,x,,,,,,,,,x,,,,,,x,,,,,,,,,x,,,,,,,,
Data,timm,seresnext50_32x4d,x,,,,,,,,,x,,,,,,x,,,,,,,,,x,,,,,,,,
Data,timm,spnasnet_100,x,,,,,,,,,x,,,,,,x,,,,,,,,,x,,,,,,,,
Data,timm,ssl_resnet18,x,,,,,,,,,x,,,,,,x,,,,,,,,,x,,,,,,,,
Data,timm,ssl_resnet50,x,,,,,,,,,x,,,,,,x,,,,,,,,,x,,,,,,,,
Data,timm,ssl_resnext50_32x4d,x,,,,,,,,,x,,,,,,x,,,,,,,,,x,,,,,,,,
Data,timm,ssl_resnext101_32x4d,x,,,,,,,,,x,,,,,,x,,,,,,,,,x,,,,,,,,
Data,timm,ssl_resnext101_32x8d,x,,,,,,,,,x,,,,,,x,,,,,,,,,x,,,,,,,,
Data,timm,ssl_resnext101_32x16d,x,,,,,,,,,x,,,,,,x,,,,,,,,,x,,,,,,,,
Data,timm,swin_base_patch4_window7_224,x,,,,,,,,,,x,,,,,x,,,,,,,,,x,,,,,,,,
Data,timm,swin_base_patch4_window7_224_in22k,x,,,,,,,,,,x,,,,,x,,,,,,,,,x,,,,,,,,
Data,timm,swin_base_patch4_window12_384,x,,,,,,,,,,x,,,,,x,,,,,,,,,x,,,,,,,,
Data,timm,swin_base_patch4_window12_384_in22k,x,,,,,,,,,,x,,,,,x,,,,,,,,,x,,,,,,,,
Data,timm,swin_large_patch4_window7_224,x,,,,,,,,,,x,,,,,x,,,,,,,,,x,,,,,,,,
Data,timm,swin_large_patch4_window7_224_in22k,x,,,,,,,,,,x,,,,,x,,,,,,,,,x,,,,,,,,
Data,timm,swin_large_patch4_window12_384,x,,,,,,,,,,x,,,,,x,,,,,,,,,x,,,,,,,,
Data,timm,swin_large_patch4_window12_384_in22k,x,,,,,,,,,,x,,,,,x,,,,,,,,,x,,,,,,,,
Data,timm,swin_small_patch4_window7_224,x,,,,,,,,,,x,,,,,x,,,,,,,,,x,,,,,,,,
Data,timm,swin_tiny_patch4_window7_224,x,,,,,,,,,,x,,,,,x,,,,,,,,,x,,,,,,,,
Data,timm,swsl_resnet18,x,,,,,,,,,x,,,,,,x,,,,,,,,,x,,,,,,,,
Data,timm,swsl_resnet50,x,,,,,,,,,x,,,,,,x,,,,,,,,,x,,,,,,,,
Data,timm,swsl_resnext50_32x4d,x,,,,,,,,,x,,,,,,x,,,,,,,,,x,,,,,,,,
Data,timm,swsl_resnext101_32x4d,x,,,,,,,,,x,,,,,,x,,,,,,,,,x,,,,,,,,
Data,timm,swsl_resnext101_32x8d,x,,,,,,,,,x,,,,,,x,,,,,,,,,x,,,,,,,,
Data,timm,swsl_resnext101_32x16d,x,,,,,,,,,x,,,,,,x,,,,,,,,,x,,,,,,,,
Data,timm,tf_efficientnet_b0,x,,,,,,,,,x,,,,,,x,,,,,,,,,x,,,,,,,,
Data,timm,tf_efficientnet_b0_ap,x,,,,,,,,,x,,,,,,x,,,,,,,,,x,,,,,,,,
Data,timm,tf_efficientnet_b0_ns,x,,,,,,,,,x,,,,,,x,,,,,,,,,x,,,,,,,,
Data,timm,tf_efficientnet_b1,x,,,,,,,,,x,,,,,,x,,,,,,,,,x,,,,,,,,
Data,timm,tf_efficientnet_b1_ap,x,,,,,,,,,x,,,,,,x,,,,,,,,,x,,,,,,,,
Data,timm,tf_efficientnet_b1_ns,x,,,,,,,,,x,,,,,,x,,,,,,,,,x,,,,,,,,
Data,timm,tf_efficientnet_b2,x,,,,,,,,,x,,,,,,x,,,,,,,,,x,,,,,,,,
Data,timm,tf_efficientnet_b2_ap,x,,,,,,,,,x,,,,,,x,,,,,,,,,x,,,,,,,,
Data,timm,tf_efficientnet_b2_ns,x,,,,,,,,,x,,,,,,x,,,,,,,,,x,,,,,,,,
Data,timm,tf_efficientnet_b3,x,,,,,,,,,x,,,,,,x,,,,,,,,,x,,,,,,,,
Data,timm,tf_efficientnet_b3_ap,x,,,,,,,,,x,,,,,,x,,,,,,,,,x,,,,,,,,
Data,timm,tf_efficientnet_b3_ns,x,,,,,,,,,x,,,,,,x,,,,,,,,,x,,,,,,,,
Data,timm,tf_efficientnet_b4,x,,,,,,,,,x,,,,,,x,,,,,,,,,x,,,,,,,,
Data,timm,tf_efficientnet_b4_ap,x,,,,,,,,,x,,,,,,x,,,,,,,,,x,,,,,,,,
Data,timm,tf_efficientnet_b4_ns,x,,,,,,,,,x,,,,,,x,,,,,,,,,x,,,,,,,,
Data,timm,tf_efficientnet_b5,x,,,,,,,,,x,,,,,,x,,,,,,,,,x,,,,,,,,
Data,timm,tf_efficientnet_b5_ap,x,,,,,,,,,x,,,,,,x,,,,,,,,,x,,,,,,,,
Data,timm,tf_efficientnet_b5_ns,x,,,,,,,,,x,,,,,,x,,,,,,,,,x,,,,,,,,
Data,timm,tf_efficientnet_b6,x,,,,,,,,,x,,,,,,x,,,,,,,,,x,,,,,,,,
Data,timm,tf_efficientnet_b6_ap,x,,,,,,,,,x,,,,,,x,,,,,,,,,x,,,,,,,,
Data,timm,tf_efficientnet_b6_ns,x,,,,,,,,,x,,,,,,x,,,,,,,,,x,,,,,,,,
Data,timm,tf_efficientnet_b7,x,,,,,,,,,x,,,,,,x,,,,,,,,,x,,,,,,,,
Data,timm,tf_efficientnet_b7_ap,x,,,,,,,,,x,,,,,,x,,,,,,,,,x,,,,,,,,
Data,timm,tf_efficientnet_b7_ns,x,,,,,,,,,x,,,,,,x,,,,,,,,,x,,,,,,,,
Data,timm,tf_efficientnet_b8,x,,,,,,,,,x,,,,,,x,,,,,,,,,x,,,,,,,,
Data,timm,tf_efficientnet_b8_ap,x,,,,,,,,,x,,,,,,x,,,,,,,,,x,,,,,,,,
Data,timm,tf_efficientnet_cc_b0_4e,x,,,,,,,,,x,,,,,,x,,,,,,,,,x,,,,,,,,
Data,timm,tf_efficientnet_cc_b0_8e,x,,,,,,,,,x,,,,,,x,,,,,,,,,x,,,,,,,,
Data,timm,tf_efficientnet_cc_b1_8e,x,,,,,,,,,x,,,,,,x,,,,,,,,,x,,,,,,,,
Data,timm,tf_efficientnet_el,x,,,,,,,,,x,,,,,,x,,,,,,,,,x,,,,,,,,
Data,timm,tf_efficientnet_em,x,,,,,,,,,x,,,,,,x,,,,,,,,,x,,,,,,,,
Data,timm,tf_efficientnet_es,x,,,,,,,,,x,,,,,,x,,,,,,,,,x,,,,,,,,
Data,timm,tf_efficientnet_l2_ns,x,,,,,,,,,x,,,,,,x,,,,,,,,,x,,,,,,,,
Data,timm,tf_efficientnet_l2_ns_475,x,,,,,,,,,x,,,,,,x,,,,,,,,,x,,,,,,,,
Data,timm,tf_efficientnet_lite0,x,,,,,,,,,x,,,,,,x,,,,,,,,,x,,,,,,,,
Data,timm,tf_efficientnet_lite1,x,,,,,,,,,x,,,,,,x,,,,,,,,,x,,,,,,,,
Data,timm,tf_efficientnet_lite2,x,,,,,,,,,x,,,,,,x,,,,,,,,,x,,,,,,,,
Data,timm,tf_efficientnet_lite3,x,,,,,,,,,x,,,,,,x,,,,,,,,,x,,,,,,,,
Data,timm,tf_efficientnet_lite4,x,,,,,,,,,x,,,,,,x,,,,,,,,,x,,,,,,,,
Data,timm,tf_efficientnetv2_b0,x,,,,,,,,,x,,,,,,x,,,,,,,,,x,,,,,,,,
Data,timm,tf_efficientnetv2_b1,x,,,,,,,,,x,,,,,,x,,,,,,,,,x,,,,,,,,
Data,timm,tf_efficientnetv2_b2,x,,,,,,,,,x,,,,,,x,,,,,,,,,x,,,,,,,,
Data,timm,tf_efficientnetv2_b3,x,,,,,,,,,x,,,,,,x,,,,,,,,,x,,,,,,,,
Data,timm,tf_efficientnetv2_l,x,,,,,,,,,x,,,,,,x,,,,,,,,,x,,,,,,,,
Data,timm,tf_efficientnetv2_l_in21ft1k,x,,,,,,,,,x,,,,,,x,,,,,,,,,x,,,,,,,,
Data,timm,tf_efficientnetv2_l_in21k,x,,,,,,,,,x,,,,,,x,,,,,,,,,x,,,,,,,,
Data,timm,tf_efficientnetv2_m,x,,,,,,,,,x,,,,,,x,,,,,,,,,x,,,,,,,,
Data,timm,tf_efficientnetv2_m_in21ft1k,x,,,,,,,,,x,,,,,,x,,,,,,,,,x,,,,,,,,
Data,timm,tf_efficientnetv2_m_in21k,x,,,,,,,,,x,,,,,,x,,,,,,,,,x,,,,,,,,
Data,timm,tf_efficientnetv2_s,x,,,,,,,,,x,,,,,,x,,,,,,,,,x,,,,,,,,
Data,timm,tf_efficientnetv2_s_in21ft1k,x,,,,,,,,,x,,,,,,x,,,,,,,,,x,,,,,,,,
Data,timm,tf_efficientnetv2_s_in21k,x,,,,,,,,,x,,,,,,x,,,,,,,,,x,,,,,,,,
Data,timm,tf_inception_v3,x,,,,,,,,,x,,,,,,x,,,,,,,,,x,,,,,,,,
Data,timm,tf_mixnet_l,x,,,,,,,,,,,x,,,,x,,,,,,,,,x,,,,,,,,
Data,timm,tf_mixnet_m,x,,,,,,,,,,,x,,,,x,,,,,,,,,x,,,,,,,,
Data,timm,tf_mixnet_s,x,,,,,,,,,,,x,,,,x,,,,,,,,,x,,,,,,,,
Data,timm,tf_mobilenetv3_large_075,x,,,,,,,,,x,,,,,,x,,,,,,,,,x,,,,,,,,
Data,timm,tf_mobilenetv3_large_100,x,,,,,,,,,x,,,,,,x,,,,,,,,,x,,,,,,,,
Data,timm,tf_mobilenetv3_large_minimal_100,x,,,,,,,,,x,,,,,,x,,,,,,,,,x,,,,,,,,
Data,timm,tf_mobilenetv3_small_075,x,,,,,,,,,x,,,,,,x,,,,,,,,,x,,,,,,,,
Data,timm,tf_mobilenetv3_small_100,x,,,,,,,,,x,,,,,,x,,,,,,,,,x,,,,,,,,
Data,timm,tf_mobilenetv3_small_minimal_100,x,,,,,,,,,,,,,,,x,,,,,,,,,x,,,,,,,,
Data,timm,tnt_s_patch16_224,x,,,,,,,,,,,,x,,,x,,,,,,,,,x,,,,,,,,
Data,timm,tv_densenet121,x,,,,,,,,,x,,,,,,x,,,,,,,,,x,,,,,,,,
Data,timm,tv_resnet34,x,,,,,,,,,x,,,,,,x,,,,,,,,,x,,,,,,,,
Data,timm,tv_resnet50,x,,,,,,,,,x,,,,,,x,,,,,,,,,x,,,,,,,,
Data,timm,tv_resnet101,x,,,,,,,,,x,,,,,,x,,,,,,,,,x,,,,,,,,
Data,timm,tv_resnet152,x,,,,,,,,,x,,,,,,x,,,,,,,,,x,,,,,,,,
Data,timm,tv_resnext50_32x4d,x,,,,,,,,,x,,,,,,x,,,,,,,,,x,,,,,,,,
Data,timm,twins_pcpvt_base,x,,,,,,,,,,,,x,,,x,,,,,,,,,x,,,,,,,,
Data,timm,twins_pcpvt_large,x,,,,,,,,,,,,x,,,x,,,,,,,,,x,,,,,,,,
Data,timm,twins_pcpvt_small,x,,,,,,,,,,,,x,,,x,,,,,,,,,x,,,,,,,,
Data,timm,twins_svt_base,x,,,,,,,,,,,,x,,,x,,,,,,,,,x,,,,,,,,
Data,timm,twins_svt_large,x,,,,,,,,,,,,x,,,x,,,,,,,,,x,,,,,,,,
Data,timm,twins_svt_small,x,,,,,,,,,,,,x,,,x,,,,,,,,,x,,,,,,,,
Data,timm,vgg11,x,,,,,,,,,x,,,,,,x,,,,,,,,,x,,,,,,,,
Data,timm,vgg11_bn,x,,,,,,,,,x,,,,,,x,,,,,,,,,x,,,,,,,,
Data,timm,vgg13,x,,,,,,,,,x,,,,,,x,,,,,,,,,x,,,,,,,,
Data,timm,vgg13_bn,x,,,,,,,,,x,,,,,,x,,,,,,,,,x,,,,,,,,
Data,timm,vgg16,x,,,,,,,,,x,,,,,,x,,,,,,,,,x,,,,,,,,
Data,timm,vgg16_bn,x,,,,,,,,,x,,,,,,x,,,,,,,,,x,,,,,,,,
Data,timm,vgg19,x,,,,,,,,,x,,,,,,x,,,,,,,,,x,,,,,,,,
Data,timm,vgg19_bn,x,,,,,,,,,x,,,,,,x,,,,,,,,,x,,,,,,,,
Data,timm,visformer_small,,,x,,,,,,,,,,x,,,x,,,,,,,,,x,,,,,,,,
Data,timm,vit_base_patch16_224,x,,,,,,,,,,,,x,,,,,,,,,,,,x,,,,,,,,
Data,timm,vit_base_patch16_224_in21k,x,,,,,,,,,,,,x,,,,,,,,,,,,x,,,,,,,,
Data,timm,vit_base_patch16_224_miil,x,,,,,,,,,,,,x,,,,,,,,,,,,x,,,,,,,,
Data,timm,vit_base_patch16_224_miil_in21k,x,,,,,,,,,,,,x,,,,,,,,,,,,x,,,,,,,,
Data,timm,vit_base_patch16_384,x,,,,,,,,,,,,x,,,,,,,,,,,,x,,,,,,,,
Data,timm,vit_base_patch32_224,x,,,,,,,,,,,,x,,,,,,,,,,,,x,,,,,,,,
Data,timm,vit_base_patch32_224_in21k,x,,,,,,,,,,,,x,,,,,,,,,,,,x,,,,,,,,
Data,timm,vit_base_patch32_384,x,,,,,,,,,,,,x,,,,,,,,,,,,x,,,,,,,,
Data,timm,vit_base_r50_s16_224_in21k,x,,,,,,,,,,,,x,,,,,,,,,,,,x,,,,,,,,
Data,timm,vit_base_r50_s16_384,x,,,,,,,,,,,,x,,,,,,,,,,,,x,,,,,,,,
Data,timm,vit_huge_patch14_224_in21k,x,,,,,,,,,,,,x,,,,,,,,,,,,x,,,,,,,,
Data,timm,vit_large_patch16_224,x,,,,,,,,,,,,x,,,,,,,,,,,,x,,,,,,,,
Data,timm,vit_large_patch16_224_in21k,x,,,,,,,,,,,,x,,,,,,,,,,,,x,,,,,,,,
Data,timm,vit_large_patch16_384,x,,,,,,,,,,,,x,,,,,,,,,,,,x,,,,,,,,
Data,timm,vit_large_patch32_224_in21k,x,,,,,,,,,,,,x,,,,,,,,,,,,x,,,,,,,,
Data,timm,vit_large_patch32_384,x,,,,,,,,,,,,x,,,,,,,,,,,,x,,,,,,,,
Data,timm,vit_large_r50_s32_224,x,,,,,,,,,,,,x,,,,,,,,,,,,x,,,,,,,,
Data,timm,vit_large_r50_s32_224_in21k,x,,,,,,,,,,,,x,,,,,,,,,,,,x,,,,,,,,
Data,timm,vit_large_r50_s32_384,x,,,,,,,,,,,,x,,,,,,,,,,,,x,,,,,,,,
Data,timm,vit_small_patch16_224,x,,,,,,,,,,,,x,,,,,,,,,,,,x,,,,,,,,
Data,timm,vit_small_patch16_224_in21k,x,,,,,,,,,,,,x,,,,,,,,,,,,x,,,,,,,,
Data,timm,vit_small_patch16_384,x,,,,,,,,,,,,x,,,,,,,,,,,,x,,,,,,,,
Data,timm,vit_small_patch32_224,x,,,,,,,,,,,,x,,,,,,,,,,,,x,,,,,,,,
Data,timm,vit_small_patch32_224_in21k,x,,,,,,,,,,,,x,,,,,,,,,,,,x,,,,,,,,
Data,timm,vit_small_patch32_384,x,,,,,,,,,,,,x,,,,,,,,,,,,x,,,,,,,,
Data,timm,vit_small_r26_s32_224,x,,,,,,,,,,,,x,,,,,,,,,,,,x,,,,,,,,
Data,timm,vit_small_r26_s32_224_in21k,x,,,,,,,,,,,,x,,,,,,,,,,,,x,,,,,,,,
Data,timm,vit_small_r26_s32_384,x,,,,,,,,,,,,x,,,,,,,,,,,,x,,,,,,,,
Data,timm,vit_tiny_patch16_224,x,,,,,,,,,,,,x,,,,,,,,,,,,x,,,,,,,,
Data,timm,vit_tiny_patch16_224_in21k,x,,,,,,,,,,,,x,,,,,,,,,,,,x,,,,,,,,
Data,timm,vit_tiny_patch16_384,x,,,,,,,,,,,,x,,,,,,,,,,,,x,,,,,,,,
Data,timm,vit_tiny_r_s16_p8_224,x,,,,,,,,,,,,x,,,,,,,,,,,,x,,,,,,,,
Data,timm,vit_tiny_r_s16_p8_224_in21k,x,,,,,,,,,,,,x,,,,,,,,,,,,x,,,,,,,,
Data,timm,vit_tiny_r_s16_p8_384,x,,,,,,,,,,,,x,,,,,,,,,,,,x,,,,,,,,
Data,timm,wide_resnet50_2,x,,,,,,,,,x,,,,,,,,,,,,,,,x,,,,,,,,
Data,timm,wide_resnet101_2,x,,,,,,,,,x,,,,,,,,,,,,,,,x,,,,,,,,
Data,timm,xception,x,,,,,,,,,x,,,,,,,,,,,,,,,x,,,,,,,,
Data,timm,xception41,x,,,,,,,,,x,,,,,,,,,,,,,,,x,,,,,,,,
Data,timm,xception65,x,,,,,,,,,x,,,,,,,,,,,,,,,x,,,,,,,,
Data,timm,xception71,x,,,,,,,,,x,,,,,,,,,,,,,,,x,,,,,,,,
Data,cornet,cornet_z,x,,,,,,,,,x,,,,,,x,,,,,,,,,x,,,,,,,,
Data,cornet,cornet_rt,x,,,,,,,,,x,,,,,,x,,,,,,,,,x,,,,,,,,
Data,cornet,cornet_s,x,,,,,,,,,x,,,,,,x,,,,,,,,,x,,,,,,,,
Data,pytorch,deeplabv3_mobilenet_v3_large,x,,,,,,,,,x,,,,,,x,,,,,,,,,x,,,,,,,,
Data,pytorch,deeplabv3_resnet101,x,,,,,,,,,x,,,,,,x,,,,,,,,,x,,,,,,,,
Data,pytorch,deeplabv3_resnet50,x,,,,,,,,,x,,,,,,x,,,,,,,,,x,,,,,,,,
Data,pytorch,fcn_resnet101,x,,,,,,,,,x,,,,,,x,,,,,,,,,x,,,,,,,,
Data,pytorch,fcn_resnet50,x,,,,,,,,,x,,,,,,x,,,,,,,,,x,,,,,,,,
Data,pytorch,lraspp_mobilenet_v3_large,x,,,,,,,,,x,,,,,,x,,,,,,,,,x,,,,,,,,
Data,unet,unet,x,,,,,,,,,x,,,,,,x,,,,,,,,,x,,,,,,,,
Data,taskonomy,autoencoding,,x,,,,,,,,x,,,,,x,,,,,,,,,,x,,,,,,,,
Data,taskonomy,curvature,,x,,,,,,,,x,,,,,x,,,,,,,,,,x,,,,,,,,
Data,taskonomy,class_object,,x,,,,,,,,x,,,,,x,,,,,,,,,,x,,,,,,,,
Data,taskonomy,class_scene,,x,,,,,,,,x,,,,,x,,,,,,,,,,x,,,,,,,,
Data,taskonomy,denoising,,x,,,,,,,,x,,,,,x,,,,,,,,,,x,,,,,,,,
Data,taskonomy,depth_euclidean,,x,,,,,,,,x,,,,,x,,,,,,,,,,x,,,,,,,,
Data,taskonomy,edge_occlusion,,x,,,,,,,,x,,,,,x,,,,,,,,,,x,,,,,,,,
Data,taskonomy,edge_texture,,x,,,,,,,,x,,,,,x,,,,,,,,,,x,,,,,,,,
Data,taskonomy,egomotion,,x,,,,,,,,x,,,,,x,,,,,,,,,,x,,,,,,,,
Data,taskonomy,fixated_pose,,x,,,,,,,,x,,,,,x,,,,,,,,,,x,,,,,,,,
Data,taskonomy,inpainting,,x,,,,,,,,x,,,,,x,,,,,,,,,,x,,,,,,,,
Data,taskonomy,jigsaw,,x,,,,,,,,x,,,,,x,,,,,,,,,,x,,,,,,,,
Data,taskonomy,keypoints2d,,x,,,,,,,,x,,,,,x,,,,,,,,,,x,,,,,,,,
Data,taskonomy,keypoints3d,,x,,,,,,,,x,,,,,x,,,,,,,,,,x,,,,,,,,
Data,taskonomy,nonfixated_pose,,x,,,,,,,,x,,,,,x,,,,,,,,,,x,,,,,,,,
Data,taskonomy,normal,,x,,,,,,,,x,,,,,x,,,,,,,,,,x,,,,,,,,
Data,taskonomy,point_matching,,x,,,,,,,,x,,,,,x,,,,,,,,,,x,,,,,,,,
Data,taskonomy,reshading,,x,,,,,,,,x,,,,,x,,,,,,,,,,x,,,,,,,,
Data,taskonomy,room_layout,,x,,,,,,,,x,,,,,x,,,,,,,,,,x,,,,,,,,
Data,taskonomy,segment_unsup2d,,x,,,,,,,,x,,,,,x,,,,,,,,,,x,,,,,,,,
Data,taskonomy,segment_unsup25d,,x,,,,,,,,x,,,,,x,,,,,,,,,,x,,,,,,,,
Data,taskonomy,segment_semantic,,x,,,,,,,,x,,,,,x,,,,,,,,,,x,,,,,,,,
Data,taskonomy,vanishing_point,,x,,,,,,,,x,,,,,x,,,,,,,,,,x,,,,,,,,
Data,pyvideo,slow_r50,,,,,,,,,x,x,,,,,,,,,,,,,,,x,,,,,,,,
Data,pyvideo,slowfast_r101,,,,,,,,,x,x,,,,,,,,,,,,,,,x,,,,,,,,
Data,pyvideo,slowfast_r50,,,,,,,,,x,x,,,,,,,,,,,,,,,x,,,,,,,,
Data,pyvideo,x3d_m,,,,,,,,,x,x,,,,,,,,,,,,,,,x,,,,,,,,
Data,pyvideo,x3d_s,,,,,,,,,x,x,,,,,,,,,,,,,,,x,,,,,,,,
Data,pyvideo,x3d_xs,,,,,,,,,x,x,,,,,,,,,,,,,,,x,,,,,,,,
Data,clip,RN50,x,,,,,,,,,x,,,,x,,x,,,,,,,,x,,,,,,,,,
Data,clip,RN101,x,,,,,,,,,x,,,,x,,x,,,,,,,,x,,,,,,,,,
Data,clip,ViT-B_-_32,x,,,,,,,,,,,,x,x,,x,,,,,,,,x,,,,,,,,,
Data,clip,ViT-B_-_16,x,,,,,,,,,,,,x,x,,x,,,,,,,,x,,,,,,,,,
Data,clip,ViT-L_-_14,x,,,,,,,,,,,,x,x,,x,,,,,,,,x,,,,,,,,,
Data,vissl,rn50_in1k_perm100_jigsaw,x,,,,,,,,,x,,,,,,x,,,,,,,,,,x,,,,,,,
Data,vissl,rn50_in1k_perm10k_jigsaw,x,,,,,,,,,x,,,,,,x,,,,,,,,,,x,,,,,,,
Data,vissl,rn50_in1k_perm2k_jigsaw,x,,,,,,,,,x,,,,,,x,,,,,,,,,,x,,,,,,,
Data,vissl,rn50_in22k_perm2k_jigsaw,x,,,,,,,,,x,,,,,,,x,,,,,,,,,x,,,,,,,
Data,vissl,rn50_in1k_jigsaw_goyal,x,,,,,,,,,x,,,,,,x,,,,,,,,,,x,,,,,,,
Data,vissl,rn50_in22k_jigsaw_goyal,x,,,,,,,,,x,,,,,,,x,,,,,,,,,x,,,,,,,
Data,vissl,rn50_yfcc100m_jigsaw_goyal,x,,,,,,,,,x,,,,,,,,,,,,,,,,x,,,,,,,
Data,vissl,rn50_in1k_npid_200ep_4kneg,x,,,,,,,,,x,,,,,,x,,,,,,,,,,,x,,,,,,
Data,vissl,rn50_in1k_npid_oss,x,,,,,,,,,x,,,,,,x,,,,,,,,,,,x,,,,,,
Data,vissl,rn50_in1k_rotnet,x,,,,,,,,,x,,,,,,x,,,,,,,,,,,,x,,,,,
Data,vissl,rn50_in22k_rotnet,x,,,,,,,,,x,,,,,,,x,,,,,,,,,,,x,,,,,
Data,vissl,rn50_in1k_clusterfit,x,,,,,,,,,x,,,,,,x,,,,,,,,,,,,,x,,,,
Data,vissl,rn50_in1k_deepclusterv2_400ep_2x224,x,,,,,,,,,x,,,,,,x,,,,,,,,,,,,,,x,,,
Data,vissl,rn50_in1k_deepclusterv2_400ep_2x160_4x96,x,,,,,,,,,x,,,,,,x,,,,,,,,,,,,,,x,,,
Data,vissl,rn50_in1k_deepclusterv2_800ep_2x224_6x96,x,,,,,,,,,x,,,,,,x,,,,,,,,,,,,,,x,,,
Data,vissl,rn50_in1k_simclr_100ep,x,,,,,,,,,x,,,,,,x,,,,,,,,,,,,,,,x,,
Data,vissl,rn50_in1k_simclr_200ep,x,,,,,,,,,x,,,,,,x,,,,,,,,,,,,,,,x,,
Data,vissl,rn50_in1k_simclr_400ep,x,,,,,,,,,x,,,,,,x,,,,,,,,,,,,,,,x,,
Data,vissl,rn50_in1k_simclr_800ep,x,,,,,,,,,x,,,,,,x,,,,,,,,,,,,,,,x,,
Data,vissl,rn50_in1k_simclr_1000ep,x,,,,,,,,,x,,,,,,x,,,,,,,,,,,,,,,x,,
Data,vissl,rn50_in1k_swav_100ep_batch4k,x,,,,,,,,,x,,,,,,x,,,,,,,,,,,,,,,,x,
Data,vissl,rn50_in1k_swav_200ep_batch4k,x,,,,,,,,,x,,,,,,x,,,,,,,,,,,,,,,,x,
Data,vissl,rn50_in1k_swav_400ep_batch4k,x,,,,,,,,,x,,,,,,x,,,,,,,,,,,,,,,,x,
Data,vissl,rn50_in1k_swav_800ep_batch4k,x,,,,,,,,,x,,,,,,x,,,,,,,,,,,,,,,,x,
Data,vissl,rn50_in1k_swav_200ep_batch256,x,,,,,,,,,x,,,,,,x,,,,,,,,,,,,,,,,x,
Data,vissl,rn50_in1k_swav_400ep_batch256,x,,,,,,,,,x,,,,,,x,,,,,,,,,,,,,,,,x,
Data,vissl,rn50_in1k_swav_2x224_400ep_batch4k,x,,,,,,,,,x,,,,,,x,,,,,,,,,,,,,,,,x,
Data,vissl,MoCoV2,x,,,,,,,,,x,,,,,,x,,x,,,,,,,,,,,,,,,x
Data,detectron2,COCO-Detection_-_faster_rcnn_R_50_C4_1x.yaml,,,x,,,,,,,x,,,,,,,,x,,,,,,,x,,,,,,,,
Data,detectron2,COCO-Detection_-_faster_rcnn_R_50_DC5_1x.yaml,,,x,,,,,,,x,,,,,,,,x,,,,,,,x,,,,,,,,
Data,detectron2,COCO-Detection_-_faster_rcnn_R_50_FPN_1x.yaml,,,x,,,,,,,x,,,,,,,,x,,,,,,,x,,,,,,,,
Data,detectron2,COCO-Detection_-_faster_rcnn_R_50_C4_3x.yaml,,,x,,,,,,,x,,,,,,,,x,,,,,,,x,,,,,,,,
Data,detectron2,COCO-Detection_-_faster_rcnn_R_50_DC5_3x.yaml,,,x,,,,,,,x,,,,,,,,x,,,,,,,x,,,,,,,,
Data,detectron2,COCO-Detection_-_faster_rcnn_R_50_FPN_3x.yaml,,,x,,,,,,,x,,,,,,,,x,,,,,,,x,,,,,,,,
Data,detectron2,COCO-Detection_-_faster_rcnn_R_101_C4_3x.yaml,,,x,,,,,,,x,,,,,,,,x,,,,,,,x,,,,,,,,
Data,detectron2,COCO-Detection_-_faster_rcnn_R_101_DC5_3x.yaml,,,x,,,,,,,x,,,,,,,,x,,,,,,,x,,,,,,,,
Data,detectron2,COCO-Detection_-_faster_rcnn_R_101_FPN_3x.yaml,,,x,,,,,,,x,,,,,,,,x,,,,,,,x,,,,,,,,
Data,detectron2,COCO-Detection_-_faster_rcnn_X_101_32x8d_FPN_3x.yaml,,,x,,,,,,,x,,,,,,,,x,,,,,,,x,,,,,,,,
Data,detectron2,COCO-Detection_-_retinanet_R_50_FPN_1x.yaml,,,x,,,,,,,x,,,,,,,,x,,,,,,,x,,,,,,,,
Data,detectron2,COCO-Detection_-_retinanet_R_50_FPN_3x.yaml,,,x,,,,,,,x,,,,,,,,x,,,,,,,x,,,,,,,,
Data,detectron2,COCO-Detection_-_retinanet_R_101_FPN_3x.yaml,,,x,,,,,,,x,,,,,,,,x,,,,,,,x,,,,,,,,
Data,detectron2,COCO-Detection_-_rpn_R_50_C4_1x.yaml,,,x,,,,,,,x,,,,,,,,x,,,,,,,x,,,,,,,,
Data,detectron2,COCO-Detection_-_rpn_R_50_FPN_1x.yaml,,,x,,,,,,,x,,,,,,,,x,,,,,,,x,,,,,,,,
Data,detectron2,COCO-InstanceSegmentation_-_mask_rcnn_R_50_C4_1x.yaml,,,,,,,x,,,x,,,,,,,,x,,,,,,,x,,,,,,,,
Data,detectron2,COCO-InstanceSegmentation_-_mask_rcnn_R_50_DC5_1x.yaml,,,,,,,x,,,x,,,,,,,,x,,,,,,,x,,,,,,,,
Data,detectron2,COCO-InstanceSegmentation_-_mask_rcnn_R_50_FPN_1x.yaml,,,,,,,x,,,x,,,,,,,,x,,,,,,,x,,,,,,,,
Data,detectron2,COCO-InstanceSegmentation_-_mask_rcnn_R_50_C4_3x.yaml,,,,,,,x,,,x,,,,,,,,x,,,,,,,x,,,,,,,,
Data,detectron2,COCO-InstanceSegmentation_-_mask_rcnn_R_50_DC5_3x.yaml,,,,,,,x,,,x,,,,,,,,x,,,,,,,x,,,,,,,,
Data,detectron2,COCO-InstanceSegmentation_-_mask_rcnn_R_50_FPN_3x.yaml,,,,,,,x,,,x,,,,,,,,x,,,,,,,x,,,,,,,,
Data,detectron2,COCO-InstanceSegmentation_-_mask_rcnn_R_101_C4_3x.yaml,,,,,,,x,,,x,,,,,,,,x,,,,,,,x,,,,,,,,
Data,detectron2,COCO-InstanceSegmentation_-_mask_rcnn_R_101_DC5_3x.yaml,,,,,,,x,,,x,,,,,,,,x,,,,,,,x,,,,,,,,
Data,detectron2,COCO-InstanceSegmentation_-_mask_rcnn_R_101_FPN_3x.yaml,,,,,,,x,,,x,,,,,,,,x,,,,,,,x,,,,,,,,
Data,detectron2,COCO-InstanceSegmentation_-_mask_rcnn_X_101_32x8d_FPN_3x.yaml,,,,,,,x,,,x,,,,,,,,x,,,,,,,x,,,,,,,,
Data,detectron2,COCO-Keypoints_-_keypoint_rcnn_R_50_FPN_1x.yaml,,,,,,x,,,,x,,,,,,,,x,,,,,,,x,,,,,,,,
Data,detectron2,COCO-Keypoints_-_keypoint_rcnn_R_101_FPN_3x.yaml,,,,,,x,,,,x,,,,,,,,x,,,,,,,x,,,,,,,,
Data,detectron2,COCO-Keypoints_-_keypoint_rcnn_X_101_32x8d_FPN_3x.yaml,,,,,,x,,,,x,,,,,,,,x,,,,,,,x,,,,,,,,
Data,detectron2,COCO-PanopticSegmentation_-_panoptic_fpn_R_50_1x.yaml,,,,x,,,,,,x,,,,,,,,x,,,,,,,x,,,,,,,,
Data,detectron2,COCO-PanopticSegmentation_-_panoptic_fpn_R_50_3x.yaml,,,,x,,,,,,x,,,,,,,,x,,,,,,,x,,,,,,,,
Data,detectron2,COCO-PanopticSegmentation_-_panoptic_fpn_R_101_3x.yaml,,,,x,,,,,,x,,,,,,,,x,,,,,,,x,,,,,,,,
Data,detectron2,LVISv0.5-InstanceSegmentation_-_mask_rcnn_R_50_FPN_1x.yaml,,,,,,,x,,,x,,,,,,,,,,,x,,,,x,,,,,,,,
Data,detectron2,LVISv0.5-InstanceSegmentation_-_mask_rcnn_R_101_FPN_1x.yaml,,,,,,,x,,,x,,,,,,,,,,,x,,,,x,,,,,,,,
Data,detectron2,LVISv0.5-InstanceSegmentation_-_mask_rcnn_X_101_32x8d_FPN_1x.yaml,,,,,,,x,,,x,,,,,,,,,,,x,,,,x,,,,,,,,
Data,detectron2,Cityscapes_-_mask_rcnn_R_50_FPN.yaml,,,,,,,x,,,x,,,,,,,,,,,,x,,,x,,,,,,,,
Data,detectron2,PascalVOC-Detection_-_faster_rcnn_R_50_C4.yaml,,,x,,,,,,,x,,,,,,,,,,,,,x,,x,,,,,,,,
Data,detectron2,Misc_-_mask_rcnn_R_50_FPN_1x_dconv_c3-c5.yaml,,,x,,,,,,,x,,,,,,,,x,,,,,,,x,,,,,,,,
Data,detectron2,Misc_-_mask_rcnn_R_50_FPN_3x_dconv_c3-c5.yaml,,,x,,,,,,,x,,,,,,,,x,,,,,,,x,,,,,,,,
Data,detectron2,Misc_-_cascade_mask_rcnn_R_50_FPN_1x.yaml,,,x,,,,,,,x,,,,,,,,x,,,,,,,x,,,,,,,,
Data,detectron2,Misc_-_cascade_mask_rcnn_R_50_FPN_3x.yaml,,,x,,,,,,,x,,,,,,,,x,,,,,,,x,,,,,,,,
Data,detectron2,Misc_-_mask_rcnn_R_50_FPN_3x_syncbn.yaml,,,x,,,,,,,x,,,,,,,,x,,,,,,,x,,,,,,,,
Data,detectron2,Misc_-_mask_rcnn_R_50_FPN_3x_gn.yaml,,,x,,,,,,,x,,,,,,,,x,,,,,,,x,,,,,,,,
Data,detectron2,Misc_-_scratch_mask_rcnn_R_50_FPN_3x_gn.yaml,,,x,,,,,,,x,,,,,,,,x,,,,,,,x,,,,,,,,
Data,detectron2,Misc_-_scratch_mask_rcnn_R_50_FPN_9x_gn.yaml,,,x,,,,,,,x,,,,,,,,x,,,,,,,x,,,,,,,,
Data,detectron2,Misc_-_scratch_mask_rcnn_R_50_FPN_9x_syncbn.yaml,,,x,,,,,,,x,,,,,,,,x,,,,,,,x,,,,,,,,
Data,detectron2,Misc_-_panoptic_fpn_R_101_dconv_cascade_gn_3x.yaml,,,,x,,,,,,x,,,,,,,,x,,,,,,,x,,,,,,,,
Data,detectron2,Misc_-_cascade_mask_rcnn_X_152_32x8d_FPN_IN5k_gn_dconv.yaml,,,x,,,,,,,x,,,,,,,,x,,,,,,,x,,,,,,,,
Data,detectron2,Detectron1-Comparisons_-_faster_rcnn_R_50_FPN_noaug_1x.yaml,,,x,,,,,,,x,,,,,,,,x,,,,,,,x,,,,,,,,
Data,detectron2,Detectron1-Comparisons_-_mask_rcnn_R_50_FPN_noaug_1x.yaml,,,x,,,,,,,x,,,,,,,,x,,,,,,,x,,,,,,,,
Data,detectron2,Detectron1-Comparisons_-_keypoint_rcnn_R_50_FPN_1x.yaml,,,,,,x,,,,x,,,,,,,,x,,,,,,,x,,,,,,,,
